{"frames": {

"A":
{
	"frame": {"x":0,"y":0,"w":187,"h":225},
	"rotated": false,
	"trimmed": false,
	"spriteSourceSize": {"x":0,"y":0,"w":187,"h":225},
	"sourceSize": {"w":187,"h":225}
},
"B":
{
	"frame": {"x":187,"y":0,"w":187,"h":225},
	"rotated": false,
	"trimmed": false,
	"spriteSourceSize": {"x":0,"y":0,"w":187,"h":225},
	"sourceSize": {"w":187,"h":225}
},
"C":
{
	"frame": {"x":374,"y":0,"w":187,"h":225},
	"rotated": false,
	"trimmed": false,
	"spriteSourceSize": {"x":0,"y":0,"w":187,"h":225},
	"sourceSize": {"w":187,"h":225}
},
"cardBackground":
{
	"frame": {"x":561,"y":0,"w":187,"h":225},
	"rotated": false,
	"trimmed": false,
	"spriteSourceSize": {"x":0,"y":0,"w":187,"h":225},
	"sourceSize": {"w":187,"h":225}
},
"cardNocards":
{
	"frame": {"x":748,"y":0,"w":187,"h":225},
	"rotated": false,
	"trimmed": false,
	"spriteSourceSize": {"x":0,"y":0,"w":187,"h":225},
	"sourceSize": {"w":187,"h":225}
},
"cardSelected":
{
	"frame": {"x":935,"y":0,"w":187,"h":225},
	"rotated": false,
	"trimmed": false,
	"spriteSourceSize": {"x":0,"y":0,"w":187,"h":225},
	"sourceSize": {"w":187,"h":225}
},
"cardSlot":
{
	"frame": {"x":1122,"y":0,"w":187,"h":225},
	"rotated": false,
	"trimmed": false,
	"spriteSourceSize": {"x":0,"y":0,"w":187,"h":225},
	"sourceSize": {"w":187,"h":225}
},
"CL":
{
	"frame": {"x":1309,"y":0,"w":187,"h":225},
	"rotated": false,
	"trimmed": false,
	"spriteSourceSize": {"x":0,"y":0,"w":187,"h":225},
	"sourceSize": {"w":187,"h":225}
},
"D":
{
	"frame": {"x":1496,"y":0,"w":187,"h":225},
	"rotated": false,
	"trimmed": false,
	"spriteSourceSize": {"x":0,"y":0,"w":187,"h":225},
	"sourceSize": {"w":187,"h":225}
},
"E":
{
	"frame": {"x":1683,"y":0,"w":187,"h":225},
	"rotated": false,
	"trimmed": false,
	"spriteSourceSize": {"x":0,"y":0,"w":187,"h":225},
	"sourceSize": {"w":187,"h":225}
},
"ED":
{
	"frame": {"x":0,"y":225,"w":187,"h":225},
	"rotated": false,
	"trimmed": false,
	"spriteSourceSize": {"x":0,"y":0,"w":187,"h":225},
	"sourceSize": {"w":187,"h":225}
},
"ER":
{
	"frame": {"x":187,"y":225,"w":187,"h":225},
	"rotated": false,
	"trimmed": false,
	"spriteSourceSize": {"x":0,"y":0,"w":187,"h":225},
	"sourceSize": {"w":187,"h":225}
},
"F":
{
	"frame": {"x":374,"y":225,"w":187,"h":225},
	"rotated": false,
	"trimmed": false,
	"spriteSourceSize": {"x":0,"y":0,"w":187,"h":225},
	"sourceSize": {"w":187,"h":225}
},
"G":
{
	"frame": {"x":561,"y":225,"w":187,"h":225},
	"rotated": false,
	"trimmed": false,
	"spriteSourceSize": {"x":0,"y":0,"w":187,"h":225},
	"sourceSize": {"w":187,"h":225}
},
"H":
{
	"frame": {"x":748,"y":225,"w":187,"h":225},
	"rotated": false,
	"trimmed": false,
	"spriteSourceSize": {"x":0,"y":0,"w":187,"h":225},
	"sourceSize": {"w":187,"h":225}
},
"I":
{
	"frame": {"x":935,"y":225,"w":187,"h":225},
	"rotated": false,
	"trimmed": false,
	"spriteSourceSize": {"x":0,"y":0,"w":187,"h":225},
	"sourceSize": {"w":187,"h":225}
},
"IN":
{
	"frame": {"x":1122,"y":225,"w":187,"h":225},
	"rotated": false,
	"trimmed": false,
	"spriteSourceSize": {"x":0,"y":0,"w":187,"h":225},
	"sourceSize": {"w":187,"h":225}
},
"J":
{
	"frame": {"x":1309,"y":225,"w":187,"h":225},
	"rotated": false,
	"trimmed": false,
	"spriteSourceSize": {"x":0,"y":0,"w":187,"h":225},
	"sourceSize": {"w":187,"h":225}
},
"JOKER":
{
	"frame": {"x":1496,"y":225,"w":187,"h":225},
	"rotated": false,
	"trimmed": false,
	"spriteSourceSize": {"x":0,"y":0,"w":187,"h":225},
	"sourceSize": {"w":187,"h":225}
},
"K":
{
	"frame": {"x":1683,"y":225,"w":187,"h":225},
	"rotated": false,
	"trimmed": false,
	"spriteSourceSize": {"x":0,"y":0,"w":187,"h":225},
	"sourceSize": {"w":187,"h":225}
},
"L":
{
	"frame": {"x":0,"y":450,"w":187,"h":225},
	"rotated": false,
	"trimmed": false,
	"spriteSourceSize": {"x":0,"y":0,"w":187,"h":225},
	"sourceSize": {"w":187,"h":225}
},
"LY":
{
	"frame": {"x":187,"y":450,"w":187,"h":225},
	"rotated": false,
	"trimmed": false,
	"spriteSourceSize": {"x":0,"y":0,"w":187,"h":225},
	"sourceSize": {"w":187,"h":225}
},
"M":
{
	"frame": {"x":374,"y":450,"w":187,"h":225},
	"rotated": false,
	"trimmed": false,
	"spriteSourceSize": {"x":0,"y":0,"w":187,"h":225},
	"sourceSize": {"w":187,"h":225}
},
"N":
{
	"frame": {"x":561,"y":450,"w":187,"h":225},
	"rotated": false,
	"trimmed": false,
	"spriteSourceSize": {"x":0,"y":0,"w":187,"h":225},
	"sourceSize": {"w":187,"h":225}
},
"O":
{
	"frame": {"x":748,"y":450,"w":187,"h":225},
	"rotated": false,
	"trimmed": false,
	"spriteSourceSize": {"x":0,"y":0,"w":187,"h":225},
	"sourceSize": {"w":187,"h":225}
},
"P":
{
	"frame": {"x":935,"y":450,"w":187,"h":225},
	"rotated": false,
	"trimmed": false,
	"spriteSourceSize": {"x":0,"y":0,"w":187,"h":225},
	"sourceSize": {"w":187,"h":225}
},
"Q":
{
	"frame": {"x":1122,"y":450,"w":187,"h":225},
	"rotated": false,
	"trimmed": false,
	"spriteSourceSize": {"x":0,"y":0,"w":187,"h":225},
	"sourceSize": {"w":187,"h":225}
},
"QU":
{
	"frame": {"x":1309,"y":450,"w":187,"h":225},
	"rotated": false,
	"trimmed": false,
	"spriteSourceSize": {"x":0,"y":0,"w":187,"h":225},
	"sourceSize": {"w":187,"h":225}
},
"R":
{
	"frame": {"x":1496,"y":450,"w":187,"h":225},
	"rotated": false,
	"trimmed": false,
	"spriteSourceSize": {"x":0,"y":0,"w":187,"h":225},
	"sourceSize": {"w":187,"h":225}
},
"S":
{
	"frame": {"x":1683,"y":450,"w":187,"h":225},
	"rotated": false,
	"trimmed": false,
	"spriteSourceSize": {"x":0,"y":0,"w":187,"h":225},
	"sourceSize": {"w":187,"h":225}
},
"T":
{
	"frame": {"x":0,"y":675,"w":187,"h":225},
	"rotated": false,
	"trimmed": false,
	"spriteSourceSize": {"x":0,"y":0,"w":187,"h":225},
	"sourceSize": {"w":187,"h":225}
},
"TH":
{
	"frame": {"x":187,"y":675,"w":187,"h":225},
	"rotated": false,
	"trimmed": false,
	"spriteSourceSize": {"x":0,"y":0,"w":187,"h":225},
	"sourceSize": {"w":187,"h":225}
},
"U":
{
	"frame": {"x":374,"y":675,"w":187,"h":225},
	"rotated": false,
	"trimmed": false,
	"spriteSourceSize": {"x":0,"y":0,"w":187,"h":225},
	"sourceSize": {"w":187,"h":225}
},
"V":
{
	"frame": {"x":561,"y":675,"w":187,"h":225},
	"rotated": false,
	"trimmed": false,
	"spriteSourceSize": {"x":0,"y":0,"w":187,"h":225},
	"sourceSize": {"w":187,"h":225}
},
"W":
{
	"frame": {"x":748,"y":675,"w":187,"h":225},
	"rotated": false,
	"trimmed": false,
	"spriteSourceSize": {"x":0,"y":0,"w":187,"h":225},
	"sourceSize": {"w":187,"h":225}
},
"X":
{
	"frame": {"x":935,"y":675,"w":187,"h":225},
	"rotated": false,
	"trimmed": false,
	"spriteSourceSize": {"x":0,"y":0,"w":187,"h":225},
	"sourceSize": {"w":187,"h":225}
},
"Y":
{
	"frame": {"x":1122,"y":675,"w":187,"h":225},
	"rotated": false,
	"trimmed": false,
	"spriteSourceSize": {"x":0,"y":0,"w":187,"h":225},
	"sourceSize": {"w":187,"h":225}
},
"Z":
{
	"frame": {"x":1309,"y":675,"w":187,"h":225},
	"rotated": false,
	"trimmed": false,
	"spriteSourceSize": {"x":0,"y":0,"w":187,"h":225},
	"sourceSize": {"w":187,"h":225}
}},
"meta": {
	"app": "https://www.codeandweb.com/texturepacker",
	"version": "1.0",
	"image": "deck.png",
	"format": "RGBA8888",
	"size": {"w":1870,"h":900},
	"scale": "1",
	"smartupdate": "$TexturePacker:SmartUpdate:fac4b2610a5dab271dfb16b883a9ef89:6829e8458abcd307ef945fec2310e169:e0b3a096676289db3e2d58aca85f64e3$"
}
}
